step,x,y,z,r
0,0.000000,0.000000,-20.000000,20.000000
1,0.014367,0.000000,-19.952108,19.952113
2,0.028735,0.000000,-19.904214,19.904235
3,0.043102,0.000000,-19.856319,19.856366
4,0.057470,0.000000,-19.808422,19.808506
5,0.071837,0.000000,-19.760524,19.760654
6,0.086204,0.000000,-19.712624,19.712812
7,0.100572,0.000000,-19.664722,19.664979
8,0.114939,0.000000,-19.616819,19.617155
9,0.129306,0.000000,-19.568914,19.569341
10,0.143674,0.000000,-19.521007,19.521536
11,0.158041,0.000000,-19.473098,19.473740
12,0.172408,0.000000,-19.425188,19.425953
13,0.186776,0.000000,-19.377276,19.378177
14,0.201143,0.000000,-19.329363,19.330409
15,0.215510,0.000000,-19.281447,19.282652
16,0.229877,0.000000,-19.233530,19.234904
17,0.244245,0.000000,-19.185611,19.187166
18,0.258612,0.000000,-19.137690,19.139438
19,0.272979,0.000000,-19.089768,19.091719
20,0.287346,0.000000,-19.041843,19.044011
21,0.301713,0.000000,-18.993917,18.996313
22,0.316080,0.000000,-18.945988,18.948625
23,0.330447,0.000000,-18.898058,18.900947
24,0.344814,0.000000,-18.850126,18.853279
25,0.359181,0.000000,-18.802192,18.805622
26,0.373548,0.000000,-18.754256,18.757975
27,0.387915,0.000000,-18.706317,18.710339
28,0.402282,0.000000,-18.658377,18.662713
29,0.416649,0.000000,-18.610435,18.615098
30,0.431016,0.000000,-18.562491,18.567494
31,0.445383,0.000000,-18.514544,18.519901
32,0.459749,0.000000,-18.466596,18.472318
33,0.474116,0.000000,-18.418645,18.424746
34,0.488482,0.000000,-18.370693,18.377186
35,0.502849,0.000000,-18.322738,18.329637
36,0.517215,0.000000,-18.274781,18.282098
37,0.531582,0.000000,-18.226821,18.234571
38,0.545948,0.000000,-18.178860,18.187056
39,0.560314,0.000000,-18.130896,18.139552
40,0.574681,0.000000,-18.082930,18.092059
41,0.589047,0.000000,-18.034961,18.044578
42,0.603413,0.000000,-17.986991,17.997109
43,0.617779,0.000000,-17.939018,17.949652
44,0.632144,0.000000,-17.891042,17.902206
45,0.646510,0.000000,-17.843064,17.854773
46,0.660876,0.000000,-17.795084,17.807351
47,0.675242,0.000000,-17.747101,17.759942
48,0.689607,0.000000,-17.699116,17.712545
49,0.703972,0.000000,-17.651128,17.665161
50,0.718338,0.000000,-17.603138,17.617788
51,0.732703,0.000000,-17.555145,17.570429
52,0.747068,0.000000,-17.507149,17.523081
53,0.761433,0.000000,-17.459151,17.475747
54,0.775798,0.000000,-17.411150,17.428426
55,0.790163,0.000000,-17.363147,17.381117
56,0.804527,0.000000,-17.315141,17.333821
57,0.818892,0.000000,-17.267132,17.286539
58,0.833256,0.000000,-17.219120,17.239269
59,0.847620,0.000000,-17.171106,17.192013
60,0.861985,0.000000,-17.123088,17.144771
61,0.876349,0.000000,-17.075068,17.097542
62,0.890712,0.000000,-17.027045,17.050326
63,0.905076,0.000000,-16.979019,17.003125
64,0.919439,0.000000,-16.930990,16.955937
65,0.933803,0.000000,-16.882958,16.908763
66,0.948166,0.000000,-16.834923,16.861603
67,0.962529,0.000000,-16.786885,16.814457
68,0.976892,0.000000,-16.738844,16.767326
69,0.991254,0.000000,-16.690800,16.720209
70,1.005617,0.000000,-16.642752,16.673106
71,1.019979,0.000000,-16.594701,16.626018
72,1.034341,0.000000,-16.546648,16.578945
73,1.048703,0.000000,-16.498590,16.531886
74,1.063065,0.000000,-16.450530,16.484843
75,1.077426,0.000000,-16.402466,16.437814
76,1.091787,0.000000,-16.354399,16.390801
77,1.106148,0.000000,-16.306328,16.343803
78,1.120509,0.000000,-16.258254,16.296821
79,1.134869,0.000000,-16.210177,16.249854
80,1.149230,0.000000,-16.162096,16.202903
81,1.163590,0.000000,-16.114011,16.155968
82,1.177949,0.000000,-16.065923,16.109048
83,1.192309,0.000000,-16.017831,16.062145
84,1.206668,0.000000,-15.969735,16.015258
85,1.221027,0.000000,-15.921635,15.968387
86,1.235386,0.000000,-15.873532,15.921533
87,1.249744,0.000000,-15.825425,15.874695
88,1.264102,0.000000,-15.777314,15.827874
89,1.278460,0.000000,-15.729199,15.781070
90,1.292817,0.000000,-15.681080,15.734283
91,1.307174,0.000000,-15.632957,15.687513
92,1.321531,0.000000,-15.584830,15.640760
93,1.335887,0.000000,-15.536699,15.594025
94,1.350243,0.000000,-15.488564,15.547307
95,1.364599,0.000000,-15.440424,15.500607
96,1.378954,0.000000,-15.392280,15.453925
97,1.393309,0.000000,-15.344132,15.407261
98,1.407663,0.000000,-15.295980,15.360616
99,1.422017,0.000000,-15.247823,15.313988
100,1.436371,0.000000,-15.199661,15.267379
101,1.450724,0.000000,-15.151495,15.220789
102,1.465077,0.000000,-15.103325,15.174217
103,1.479429,0.000000,-15.055150,15.127665
104,1.493781,0.000000,-15.006970,15.081131
105,1.508132,0.000000,-14.958785,15.034617
106,1.522483,0.000000,-14.910596,14.988122
107,1.536833,0.000000,-14.862401,14.941647
108,1.551183,0.000000,-14.814202,14.895192
109,1.565533,0.000000,-14.765997,14.848757
110,1.579881,0.000000,-14.717788,14.802341
111,1.594230,0.000000,-14.669574,14.755946
112,1.608577,0.000000,-14.621354,14.709572
113,1.622925,0.000000,-14.573129,14.663218
114,1.637271,0.000000,-14.524898,14.616885
115,1.651617,0.000000,-14.476663,14.570573
116,1.665962,0.000000,-14.428422,14.524282
117,1.680307,0.000000,-14.380175,14.478013
118,1.694651,0.000000,-14.331923,14.431765
119,1.708994,0.000000,-14.283665,14.385539
120,1.723337,0.000000,-14.235401,14.339335
121,1.737679,0.000000,-14.187131,14.293153
122,1.752020,0.000000,-14.138856,14.246993
123,1.766360,0.000000,-14.090575,14.200856
124,1.780700,0.000000,-14.042287,14.154742
125,1.795039,0.000000,-13.993994,14.108651
126,1.809377,0.000000,-13.945694,14.062582
127,1.823715,0.000000,-13.897388,14.016537
128,1.838051,0.000000,-13.849075,13.970516
129,1.852387,0.000000,-13.800757,13.924519
130,1.866722,0.000000,-13.752431,13.878545
131,1.881055,0.000000,-13.704099,13.832596
132,1.895388,0.000000,-13.655760,13.786671
133,1.909720,0.000000,-13.607415,13.740771
134,1.924051,0.000000,-13.559063,13.694895
135,1.938381,0.000000,-13.510703,13.649045
136,1.952710,0.000000,-13.462337,13.603220
137,1.967038,0.000000,-13.413963,13.557421
138,1.981365,0.000000,-13.365582,13.511647
139,1.995691,0.000000,-13.317194,13.465899
140,2.010016,0.000000,-13.268799,13.420178
141,2.024340,0.000000,-13.220396,13.374483
142,2.038662,0.000000,-13.171985,13.328816
143,2.052983,0.000000,-13.123566,13.283175
144,2.067303,0.000000,-13.075140,13.237561
145,2.081622,0.000000,-13.026705,13.191975
146,2.095939,0.000000,-12.978263,13.146416
147,2.110255,0.000000,-12.929812,13.100886
148,2.124570,0.000000,-12.881353,13.055384
149,2.138883,0.000000,-12.832886,13.009911
150,2.153195,0.000000,-12.784410,12.964466
151,2.167506,0.000000,-12.735925,12.919051
152,2.181815,0.000000,-12.687432,12.873665
153,2.196122,0.000000,-12.638930,12.828308
154,2.210428,0.000000,-12.590419,12.782982
155,2.224733,0.000000,-12.541898,12.737686
156,2.239035,0.000000,-12.493369,12.692420
157,2.253336,0.000000,-12.444829,12.647186
158,2.267635,0.000000,-12.396281,12.601982
159,2.281933,0.000000,-12.347723,12.556810
160,2.296229,0.000000,-12.299155,12.511669
161,2.310522,0.000000,-12.250577,12.466561
162,2.324814,0.000000,-12.201989,12.421485
163,2.339104,0.000000,-12.153390,12.376442
164,2.353392,0.000000,-12.104782,12.331431
165,2.367678,0.000000,-12.056163,12.286454
166,2.381962,0.000000,-12.007533,12.241511
167,2.396244,0.000000,-11.958892,12.196602
168,2.410523,0.000000,-11.910241,12.151726
169,2.424800,0.000000,-11.861578,12.106886
170,2.439075,0.000000,-11.812904,12.062081
171,2.453348,0.000000,-11.764218,12.017311
172,2.467618,0.000000,-11.715521,11.972576
173,2.481886,0.000000,-11.666812,11.927878
174,2.496151,0.000000,-11.618092,11.883216
175,2.510413,0.000000,-11.569359,11.838591
176,2.524673,0.000000,-11.520613,11.794003
177,2.538930,0.000000,-11.471855,11.749452
178,2.553184,0.000000,-11.423085,11.704940
179,2.567436,0.000000,-11.374301,11.660466
180,2.581684,0.000000,-11.325505,11.616030
181,2.595930,0.000000,-11.276695,11.571634
182,2.610172,0.000000,-11.227872,11.527277
183,2.624411,0.000000,-11.179035,11.482959
184,2.638647,0.000000,-11.130184,11.438683
185,2.652879,0.000000,-11.081319,11.394446
186,2.667109,0.000000,-11.032440,11.350251
187,2.681334,0.000000,-10.983547,11.306098
188,2.695556,0.000000,-10.934638,11.261986
189,2.709774,0.000000,-10.885715,11.217917
190,2.723989,0.000000,-10.836777,11.173891
191,2.738200,0.000000,-10.787823,11.129908
192,2.752406,0.000000,-10.738853,11.085969
193,2.766609,0.000000,-10.689868,11.042074
194,2.780807,0.000000,-10.640866,10.998224
195,2.795002,0.000000,-10.591848,10.954418
196,2.809191,0.000000,-10.542814,10.910659
197,2.823377,0.000000,-10.493762,10.866945
198,2.837557,0.000000,-10.444693,10.823278
199,2.851733,0.000000,-10.395607,10.779658
200,2.865904,0.000000,-10.346504,10.736086
201,2.880071,0.000000,-10.297382,10.692562
202,2.894232,0.000000,-10.248242,10.649086
203,2.908387,0.000000,-10.199083,10.605660
204,2.922538,0.000000,-10.149906,10.562283
205,2.936683,0.000000,-10.100710,10.518956
206,2.950822,0.000000,-10.051494,10.475680
207,2.964955,0.000000,-10.002258,10.432456
208,2.979083,0.000000,-9.953003,10.389283
209,2.993204,0.000000,-9.903727,10.346162
210,3.007319,0.000000,-9.854430,10.303095
211,3.021428,0.000000,-9.805112,10.260080
212,3.035530,0.000000,-9.755773,10.217120
213,3.049626,0.000000,-9.706412,10.174215
214,3.063714,0.000000,-9.657029,10.131365
215,3.077795,0.000000,-9.607624,10.088571
216,3.091870,0.000000,-9.558196,10.045833
217,3.105936,0.000000,-9.508745,10.003153
218,3.119995,0.000000,-9.459270,9.960530
219,3.134046,0.000000,-9.409771,9.917966
220,3.148089,0.000000,-9.360248,9.875460
221,3.162124,0.000000,-9.310701,9.833015
222,3.176150,0.000000,-9.261128,9.790629
223,3.190167,0.000000,-9.211530,9.748305
224,3.204175,0.000000,-9.161906,9.706042
225,3.218175,0.000000,-9.112255,9.663842
226,3.232164,0.000000,-9.062578,9.621705
227,3.246144,0.000000,-9.012874,9.579632
228,3.260114,0.000000,-8.963142,9.537623
229,3.274074,0.000000,-8.913381,9.495680
230,3.288023,0.000000,-8.863593,9.453802
231,3.301962,0.000000,-8.813775,9.411991
232,3.315889,0.000000,-8.763927,9.370248
233,3.329805,0.000000,-8.714050,9.328572
234,3.343710,0.000000,-8.664141,9.286966
235,3.357602,0.000000,-8.614202,9.245430
236,3.371482,0.000000,-8.564232,9.203964
237,3.385350,0.000000,-8.514229,9.162570
238,3.399204,0.000000,-8.464193,9.121247
239,3.413045,0.000000,-8.414124,9.079998
240,3.426873,0.000000,-8.364022,9.038823
241,3.440686,0.000000,-8.313885,8.997722
242,3.454485,0.000000,-8.263713,8.956697
243,3.468269,0.000000,-8.213506,8.915748
244,3.482038,0.000000,-8.163263,8.874877
245,3.495791,0.000000,-8.112982,8.834084
246,3.509528,0.000000,-8.062665,8.793370
247,3.523248,0.000000,-8.012309,8.752736
248,3.536952,0.000000,-7.961915,8.712183
249,3.550638,0.000000,-7.911482,8.671711
250,3.564306,0.000000,-7.861009,8.631323
251,3.577956,0.000000,-7.810495,8.591018
252,3.591586,0.000000,-7.759939,8.550798
253,3.605198,0.000000,-7.709342,8.510664
254,3.618789,0.000000,-7.658702,8.470617
255,3.632360,0.000000,-7.608018,8.430657
256,3.645909,0.000000,-7.557290,8.390786
257,3.659437,0.000000,-7.506517,8.351005
258,3.672943,0.000000,-7.455698,8.311314
259,3.686425,0.000000,-7.404833,8.271716
260,3.699884,0.000000,-7.353920,8.232210
261,3.713319,0.000000,-7.302960,8.192799
262,3.726729,0.000000,-7.251950,8.153483
263,3.740113,0.000000,-7.200890,8.114263
264,3.753471,0.000000,-7.149780,8.075140
265,3.766802,0.000000,-7.098618,8.036116
266,3.780105,0.000000,-7.047403,7.997192
267,3.793379,0.000000,-6.996135,7.958369
268,3.806624,0.000000,-6.944813,7.919648
269,3.819839,0.000000,-6.893436,7.881029
270,3.833022,0.000000,-6.842002,7.842516
271,3.846174,0.000000,-6.790512,7.804108
272,3.859292,0.000000,-6.738963,7.765807
273,3.872377,0.000000,-6.687355,7.727614
274,3.885427,0.000000,-6.635687,7.689531
275,3.898441,0.000000,-6.583958,7.651559
276,3.911419,0.000000,-6.532167,7.613698
277,3.924358,0.000000,-6.480312,7.575951
278,3.937259,0.000000,-6.428393,7.538319
279,3.950119,0.000000,-6.376409,7.500802
280,3.962938,0.000000,-6.324358,7.463403
281,3.975715,0.000000,-6.272240,7.426123
282,3.988448,0.000000,-6.220053,7.388963
283,4.001137,0.000000,-6.167795,7.351925
284,4.013779,0.000000,-6.115467,7.315009
285,4.026374,0.000000,-6.063067,7.278218
286,4.038919,0.000000,-6.010592,7.241553
287,4.051415,0.000000,-5.958043,7.205015
288,4.063859,0.000000,-5.905418,7.168606
289,4.076250,0.000000,-5.852716,7.132328
290,4.088586,0.000000,-5.799935,7.096181
291,4.100866,0.000000,-5.747075,7.060168
292,4.113088,0.000000,-5.694133,7.024289
293,4.125250,0.000000,-5.641109,6.988547
294,4.137351,0.000000,-5.588001,6.952944
295,4.149389,0.000000,-5.534807,6.917479
296,4.161362,0.000000,-5.481528,6.882156
297,4.173268,0.000000,-5.428160,6.846976
298,4.185106,0.000000,-5.374703,6.811941
299,4.196873,0.000000,-5.321155,6.777051
300,4.208567,0.000000,-5.267515,6.742310
301,4.220186,0.000000,-5.213781,6.707718
302,4.231728,0.000000,-5.159952,6.673277
303,4.243191,0.000000,-5.106027,6.638989
304,4.254573,0.000000,-5.052003,6.604856
305,4.265871,0.000000,-4.997880,6.570880
306,4.277082,0.000000,-4.943656,6.537061
307,4.288205,0.000000,-4.889329,6.503402
308,4.299237,0.000000,-4.834898,6.469905
309,4.310174,0.000000,-4.780362,6.436572
310,4.321015,0.000000,-4.725718,6.403404
311,4.331756,0.000000,-4.670966,6.370403
312,4.342395,0.000000,-4.616103,6.337571
313,4.352929,0.000000,-4.561129,6.304910
314,4.363355,0.000000,-4.506041,6.272421
315,4.373669,0.000000,-4.450838,6.240107
316,4.383869,0.000000,-4.395518,6.207970
317,4.393951,0.000000,-4.340081,6.176011
318,4.403912,0.000000,-4.284524,6.144232
319,4.413749,0.000000,-4.228845,6.112635
320,4.423457,0.000000,-4.173044,6.081223
321,4.433033,0.000000,-4.117119,6.049996
322,4.442474,0.000000,-4.061068,6.018957
323,4.451776,0.000000,-4.004889,5.988109
324,4.460934,0.000000,-3.948582,5.957452
325,4.469945,0.000000,-3.892144,5.926989
326,4.478805,0.000000,-3.835575,5.896722
327,4.487509,0.000000,-3.778872,5.866653
328,4.496054,0.000000,-3.722034,5.836783
329,4.504433,0.000000,-3.665061,5.807116
330,4.512644,0.000000,-3.607950,5.777652
331,4.520681,0.000000,-3.550700,5.748394
332,4.528540,0.000000,-3.493310,5.719344
333,4.536216,0.000000,-3.435779,5.690503
334,4.543703,0.000000,-3.378105,5.661875
335,4.550997,0.000000,-3.320287,5.633460
336,4.558092,0.000000,-3.262324,5.605261
337,4.564982,0.000000,-3.204215,5.577281
338,4.571664,0.000000,-3.145959,5.549520
339,4.578130,0.000000,-3.087555,5.521981
340,4.584375,0.000000,-3.029003,5.494666
341,4.590394,0.000000,-2.970300,5.467577
342,4.596180,0.000000,-2.911447,5.440716
343,4.601727,0.000000,-2.852442,5.414085
344,4.607029,0.000000,-2.793286,5.387686
345,4.612080,0.000000,-2.733977,5.361521
346,4.616872,0.000000,-2.674515,5.335592
347,4.621401,0.000000,-2.614900,5.309901
348,4.625658,0.000000,-2.555132,5.284450
349,4.629637,0.000000,-2.495210,5.259240
350,4.633331,0.000000,-2.435135,5.234275
351,4.636733,0.000000,-2.374906,5.209555
352,4.639835,0.000000,-2.314523,5.185083
353,4.642631,0.000000,-2.253988,5.160861
354,4.645113,0.000000,-2.193300,5.136890
355,4.647273,0.000000,-2.132461,5.113172
356,4.649103,0.000000,-2.071470,5.089710
357,4.650597,0.000000,-2.010329,5.066505
358,4.651745,0.000000,-1.949039,5.043559
359,4.652540,0.000000,-1.887601,5.020873
360,4.652975,0.000000,-1.826016,4.998451
361,4.653039,0.000000,-1.764287,4.976292
362,4.652726,0.000000,-1.702414,4.954400
363,4.652027,0.000000,-1.640400,4.932775
364,4.650934,0.000000,-1.578247,4.911420
365,4.649437,0.000000,-1.515957,4.890336
366,4.647528,0.000000,-1.453533,4.869525
367,4.645199,0.000000,-1.390977,4.848989
368,4.642441,0.000000,-1.328293,4.828729
369,4.639245,0.000000,-1.265484,4.808746
370,4.635601,0.000000,-1.202553,4.789043
371,4.631502,0.000000,-1.139503,4.769621
372,4.626939,0.000000,-1.076339,4.750481
373,4.621901,0.000000,-1.013065,4.731624
374,4.616381,0.000000,-0.949685,4.713053
375,4.610369,0.000000,-0.886205,4.694769
376,4.603856,0.000000,-0.822627,4.676773
377,4.596833,0.000000,-0.758959,4.659066
378,4.589292,0.000000,-0.695205,4.641650
379,4.581223,0.000000,-0.631371,4.624526
380,4.572618,0.000000,-0.567464,4.607695
381,4.563467,0.000000,-0.503488,4.591158
382,4.553763,0.000000,-0.439452,4.574918
383,4.543495,0.000000,-0.375361,4.558974
384,4.532656,0.000000,-0.311223,4.543328
385,4.521237,0.000000,-0.247046,4.527981
386,4.509230,0.000000,-0.182836,4.512935
387,4.496625,0.000000,-0.118602,4.498189
388,4.483416,0.000000,-0.054352,4.483746
389,4.469595,0.000000,0.009906,4.469606
390,4.455152,0.000000,0.074162,4.455769
391,4.440082,0.000000,0.138407,4.442238
392,4.424375,0.000000,0.202633,4.429013
393,4.408026,0.000000,0.266829,4.416094
394,4.391026,0.000000,0.330986,4.403483
395,4.373369,0.000000,0.395093,4.391180
396,4.355049,0.000000,0.459140,4.379185
397,4.336059,0.000000,0.523117,4.367501
398,4.316394,0.000000,0.587012,4.356126
399,4.296046,0.000000,0.650814,4.345063
400,4.275012,0.000000,0.714513,4.334311
401,4.253285,0.000000,0.778095,4.323872
402,4.230862,0.000000,0.841550,4.313745
403,4.207736,0.000000,0.904866,4.303932
404,4.183905,0.000000,0.968029,4.294432
405,4.159365,0.000000,1.031029,4.285246
406,4.134111,0.000000,1.093851,4.276375
407,4.108142,0.000000,1.156485,4.267820
408,4.081453,0.000000,1.218915,4.259579
409,4.054044,0.000000,1.281131,4.251655
410,4.025912,0.000000,1.343118,4.244047
411,3.997056,0.000000,1.404864,4.236756
412,3.967475,0.000000,1.466354,4.229781
413,3.937167,0.000000,1.527577,4.223124
414,3.906134,0.000000,1.588517,4.216784
415,3.874375,0.000000,1.649163,4.210762
416,3.841891,0.000000,1.709499,4.205058
417,3.808684,0.000000,1.769514,4.199673
418,3.774754,0.000000,1.829194,4.194605
419,3.740104,0.000000,1.888524,4.189857
420,3.704737,0.000000,1.947492,4.185427
421,3.668655,0.000000,2.006084,4.181316
422,3.631862,0.000000,2.064288,4.177524
423,3.594362,0.000000,2.122090,4.174052
424,3.556160,0.000000,2.179477,4.170898
425,3.517260,0.000000,2.236436,4.168065
426,3.477667,0.000000,2.292955,4.165550
427,3.437387,0.000000,2.349021,4.163356
428,3.396427,0.000000,2.404622,4.161481
429,3.354793,0.000000,2.459746,4.159926
430,3.312491,0.000000,2.514380,4.158690
431,3.269530,0.000000,2.568514,4.157775
432,3.225918,0.000000,2.622136,4.157179
433,3.181661,0.000000,2.675235,4.156904
434,3.136770,0.000000,2.727800,4.156948
435,3.091253,0.000000,2.779820,4.157312
436,3.045119,0.000000,2.831287,4.157996
437,2.998379,0.000000,2.882188,4.159000
438,2.951041,0.000000,2.932517,4.160324
439,2.903117,0.000000,2.982262,4.161968
440,2.854617,0.000000,3.031416,4.163931
441,2.805553,0.000000,3.079970,4.166214
442,2.755934,0.000000,3.127916,4.168817
443,2.705774,0.000000,3.175247,4.171739
444,2.655083,0.000000,3.221955,4.174981
445,2.603874,0.000000,3.268035,4.178542
446,2.552158,0.000000,3.313479,4.182422
447,2.499949,0.000000,3.358281,4.186621
448,2.447258,0.000000,3.402437,4.191139
449,2.394098,0.000000,3.445941,4.195976
450,2.340482,0.000000,3.488789,4.201131
451,2.286423,0.000000,3.530977,4.206605
452,2.231935,0.000000,3.572500,4.212397
453,2.177029,0.000000,3.613357,4.218507
454,2.121720,0.000000,3.653543,4.224935
455,2.066020,0.000000,3.693058,4.231680
456,2.009944,0.000000,3.731898,4.238742
457,1.953503,0.000000,3.770062,4.246121
458,1.896712,0.000000,3.807550,4.253817
459,1.839583,0.000000,3.844361,4.261828
460,1.782131,0.000000,3.880495,4.270156
461,1.724367,0.000000,3.915952,4.278799
462,1.666306,0.000000,3.950732,4.287757
463,1.607960,0.000000,3.984837,4.297029
464,1.549341,0.000000,4.018269,4.306616
465,1.490464,0.000000,4.051028,4.316516
466,1.431341,0.000000,4.083118,4.326730
467,1.371983,0.000000,4.114541,4.337256
468,1.312405,0.000000,4.145300,4.348094
469,1.252617,0.000000,4.175398,4.359243
470,1.192632,0.000000,4.204840,4.370703
471,1.132461,0.000000,4.233628,4.382474
472,1.072117,0.000000,4.261768,4.394553
473,1.011611,0.000000,4.289263,4.406942
474,0.950955,0.000000,4.316120,4.419639
475,0.890158,0.000000,4.342342,4.432642
476,0.829233,0.000000,4.367936,4.445952
477,0.768190,0.000000,4.392907,4.459568
478,0.707038,0.000000,4.417261,4.473489
479,0.645789,0.000000,4.441005,4.487713
480,0.584452,0.000000,4.464144,4.502240
481,0.523036,0.000000,4.486685,4.517069
482,0.461552,0.000000,4.508635,4.532199
483,0.400008,0.000000,4.530002,4.547628
484,0.338413,0.000000,4.550791,4.563357
485,0.276775,0.000000,4.571011,4.579383
486,0.215104,0.000000,4.590669,4.595705
487,0.153406,0.000000,4.609771,4.612323
488,0.091690,0.000000,4.628327,4.629235
489,0.029964,0.000000,4.646344,4.646440
490,-0.031766,0.000000,4.663829,4.663937
491,-0.093492,0.000000,4.680791,4.681724
492,-0.155209,0.000000,4.697237,4.699800
493,-0.216908,0.000000,4.713176,4.718164
494,-0.278584,0.000000,4.728615,4.736814
495,-0.340232,0.000000,4.743563,4.755749
496,-0.401845,0.000000,4.758029,4.774968
497,-0.463418,0.000000,4.772019,4.794468
498,-0.524945,0.000000,4.785543,4.814248
499,-0.586422,0.000000,4.798608,4.834308
500,-0.647845,0.000000,4.811224,4.854645
501,-0.709207,0.000000,4.823397,4.875257
502,-0.770506,0.000000,4.835136,4.896144
503,-0.831737,0.000000,4.846450,4.917303
504,-0.892897,0.000000,4.857347,4.938733
505,-0.953981,0.000000,4.867833,4.960432
506,-1.014987,0.000000,4.877919,4.982398
507,-1.075911,0.000000,4.887610,5.004630
508,-1.136750,0.000000,4.896916,5.027125
509,-1.197501,0.000000,4.905845,5.049883
510,-1.258162,0.000000,4.914403,5.072901
511,-1.318730,0.000000,4.922599,5.096178
512,-1.379203,0.000000,4.930440,5.119711
513,-1.439579,0.000000,4.937934,5.143498
514,-1.499856,0.000000,4.945088,5.167539
515,-1.560032,0.000000,4.951910,5.191831
516,-1.620106,0.000000,4.958406,5.216372
517,-1.680075,0.000000,4.964585,5.241159
518,-1.739940,0.000000,4.970452,5.266193
519,-1.799698,0.000000,4.976016,5.291469
520,-1.859349,0.000000,4.981282,5.316987
521,-1.918891,0.000000,4.986258,5.342744
522,-1.978324,0.000000,4.990950,5.368739
523,-2.037648,0.000000,4.995366,5.394969
524,-2.096861,0.000000,4.999510,5.421432
525,-2.155963,0.000000,5.003390,5.448127
526,-2.214953,0.000000,5.007012,5.475051
527,-2.273833,0.000000,5.010381,5.502203
528,-2.332600,0.000000,5.013505,5.529580
529,-2.391256,0.000000,5.016388,5.557180
530,-2.449800,0.000000,5.019037,5.585002
531,-2.508232,0.000000,5.021457,5.613044
532,-2.566553,0.000000,5.023654,5.641302
533,-2.624763,0.000000,5.025633,5.669776
534,-2.682862,0.000000,5.027399,5.698464
535,-2.740850,0.000000,5.028958,5.727362
536,-2.798728,0.000000,5.030315,5.756470
537,-2.856496,0.000000,5.031475,5.785785
538,-2.914155,0.000000,5.032443,5.815306
539,-2.971705,0.000000,5.033223,5.845029
540,-3.029148,0.000000,5.033821,5.874954
541,-3.086484,0.000000,5.034240,5.905079
542,-3.143712,0.000000,5.034486,5.935400
543,-3.200836,0.000000,5.034562,5.965917
544,-3.257854,0.000000,5.034473,5.996627
545,-3.314768,0.000000,5.034224,6.027528
546,-3.371579,0.000000,5.033817,6.058619
547,-3.428288,0.000000,5.033258,6.089897
548,-3.484896,0.000000,5.032550,6.121361
549,-3.541403,0.000000,5.031698,6.153008
550,-3.597810,0.000000,5.030703,6.184837
551,-3.654119,0.000000,5.029571,6.216846
552,-3.710331,0.000000,5.028305,6.249033
553,-3.766446,0.000000,5.026908,6.281395
554,-3.822466,0.000000,5.025384,6.313931
555,-3.878391,0.000000,5.023736,6.346640
556,-3.934223,0.000000,5.021967,6.379519
557,-3.989963,0.000000,5.020080,6.412566
558,-4.045611,0.000000,5.018079,6.445780
559,-4.101170,0.000000,5.015965,6.479159
560,-4.156640,0.000000,5.013743,6.512701
561,-4.212022,0.000000,5.011415,6.546404
562,-4.267317,0.000000,5.008984,6.580267
563,-4.322526,0.000000,5.006452,6.614287
564,-4.377651,0.000000,5.003822,6.648463
565,-4.432692,0.000000,5.001097,6.682793
566,-4.487651,0.000000,4.998279,6.717276
567,-4.542528,0.000000,4.995370,6.751910
568,-4.597326,0.000000,4.992373,6.786692
569,-4.652044,0.000000,4.989290,6.821622
570,-4.706684,0.000000,4.986124,6.856698
571,-4.761248,0.000000,4.982876,6.891918
572,-4.815735,0.000000,4.979548,6.927280
573,-4.870148,0.000000,4.976143,6.962783
574,-4.924487,0.000000,4.972663,6.998425
575,-4.978753,0.000000,4.969110,7.034205
576,-5.032948,0.000000,4.965485,7.070121
577,-5.087072,0.000000,4.961790,7.106171
578,-5.141127,0.000000,4.958028,7.142355
579,-5.195113,0.000000,4.954200,7.178669
580,-5.249032,0.000000,4.950307,7.215114
581,-5.302884,0.000000,4.946351,7.251687
582,-5.356670,0.000000,4.942335,7.288387
583,-5.410393,0.000000,4.938259,7.325213
584,-5.464051,0.000000,4.934124,7.362163
585,-5.517647,0.000000,4.929934,7.399235
586,-5.571181,0.000000,4.925688,7.436428
587,-5.624655,0.000000,4.921389,7.473741
588,-5.678069,0.000000,4.917037,7.511173
589,-5.731424,0.000000,4.912634,7.548722
590,-5.784721,0.000000,4.908182,7.586386
591,-5.837961,0.000000,4.903681,7.624165
592,-5.891146,0.000000,4.899133,7.662056
593,-5.944274,0.000000,4.894540,7.700059
594,-5.997349,0.000000,4.889901,7.738173
595,-6.050369,0.000000,4.885219,7.776396
596,-6.103338,0.000000,4.880494,7.814727
597,-6.156254,0.000000,4.875728,7.853164
598,-6.209119,0.000000,4.870921,7.891706
599,-6.261934,0.000000,4.866075,7.930353
600,-6.314699,0.000000,4.861190,7.969103
601,-6.367416,0.000000,4.856268,8.007954
602,-6.420085,0.000000,4.851310,8.046906
603,-6.472707,0.000000,4.846316,8.085958
604,-6.525282,0.000000,4.841287,8.125107
605,-6.577812,0.000000,4.836224,8.164354
606,-6.630297,0.000000,4.831128,8.203697
607,-6.682737,0.000000,4.826000,8.243134
608,-6.735135,0.000000,4.820841,8.282665
609,-6.787489,0.000000,4.815651,8.322289
610,-6.839801,0.000000,4.810431,8.362005
611,-6.892072,0.000000,4.805182,8.401811
612,-6.944302,0.000000,4.799904,8.441707
613,-6.996492,0.000000,4.794599,8.481691
614,-7.048642,0.000000,4.789267,8.521762
615,-7.100754,0.000000,4.783908,8.561920
616,-7.152827,0.000000,4.778524,8.602164
617,-7.204863,0.000000,4.773114,8.642492
618,-7.256861,0.000000,4.767680,8.682903
619,-7.308824,0.000000,4.762222,8.723397
620,-7.360750,0.000000,4.756740,8.763973
621,-7.412641,0.000000,4.751236,8.804629
622,-7.464498,0.000000,4.745710,8.845365
623,-7.516320,0.000000,4.740162,8.886180
624,-7.568109,0.000000,4.734592,8.927073
625,-7.619864,0.000000,4.729002,8.968043
626,-7.671587,0.000000,4.723392,9.009089
627,-7.723278,0.000000,4.717762,9.050210
628,-7.774938,0.000000,4.712113,9.091406
629,-7.826567,0.000000,4.706445,9.132676
630,-7.878165,0.000000,4.700759,9.174018
631,-7.929733,0.000000,4.695054,9.215432
632,-7.981271,0.000000,4.689333,9.256918
633,-8.032780,0.000000,4.683594,9.298474
634,-8.084261,0.000000,4.677838,9.340099
635,-8.135714,0.000000,4.672067,9.381793
636,-8.187138,0.000000,4.666279,9.423555
637,-8.238536,0.000000,4.660475,9.465385
638,-8.289907,0.000000,4.654657,9.507281
639,-8.341251,0.000000,4.648824,9.549242
640,-8.392569,0.000000,4.642976,9.591269
641,-8.443862,0.000000,4.637114,9.633360
642,-8.495129,0.000000,4.631238,9.675515
643,-8.546372,0.000000,4.625349,9.717732
644,-8.597590,0.000000,4.619446,9.760012
645,-8.648784,0.000000,4.613530,9.802353
646,-8.699954,0.000000,4.607602,9.844755
647,-8.751102,0.000000,4.601662,9.887217
648,-8.802226,0.000000,4.595709,9.929739
649,-8.853327,0.000000,4.589745,9.972320
650,-8.904407,0.000000,4.583769,10.014959
651,-8.955464,0.000000,4.577782,10.057655
652,-9.006500,0.000000,4.571784,10.100408
653,-9.057515,0.000000,4.565775,10.143218
654,-9.108509,0.000000,4.559755,10.186083
655,-9.159482,0.000000,4.553725,10.229004
656,-9.210435,0.000000,4.547685,10.271979
657,-9.261368,0.000000,4.541636,10.315008
658,-9.312281,0.000000,4.535576,10.358090
659,-9.363175,0.000000,4.529508,10.401225
660,-9.414050,0.000000,4.523430,10.444413
661,-9.464906,0.000000,4.517343,10.487652
662,-9.515744,0.000000,4.511247,10.530942
663,-9.566564,0.000000,4.505142,10.574282
664,-9.617365,0.000000,4.499029,10.617673
665,-9.668149,0.000000,4.492908,10.661113
666,-9.718916,0.000000,4.486779,10.704602
667,-9.769665,0.000000,4.480642,10.748140
668,-9.820398,0.000000,4.474497,10.791725
669,-9.871114,0.000000,4.468345,10.835358
670,-9.921813,0.000000,4.462185,10.879038
671,-9.972497,0.000000,4.456018,10.922764
672,-10.023164,0.000000,4.449843,10.966537
673,-10.073816,0.000000,4.443662,11.010354
674,-10.124453,0.000000,4.437474,11.054217
675,-10.175074,0.000000,4.431280,11.098124
676,-10.225680,0.000000,4.425079,11.142076
677,-10.276272,0.000000,4.418871,11.186071
678,-10.326849,0.000000,4.412657,11.230109
679,-10.377411,0.000000,4.406437,11.274190
680,-10.427960,0.000000,4.400211,11.318313
681,-10.478495,0.000000,4.393980,11.362478
682,-10.529016,0.000000,4.387742,11.406684
683,-10.579523,0.000000,4.381499,11.450932
684,-10.630017,0.000000,4.375250,11.495220
685,-10.680498,0.000000,4.368996,11.539548
686,-10.730966,0.000000,4.362737,11.583916
687,-10.781422,0.000000,4.356472,11.628323
688,-10.831865,0.000000,4.350203,11.672770
689,-10.882295,0.000000,4.343928,11.717255
690,-10.932713,0.000000,4.337649,11.761778
691,-10.983119,0.000000,4.331365,11.806339
692,-11.033514,0.000000,4.325076,11.850937
693,-11.083896,0.000000,4.318782,11.895572
694,-11.134267,0.000000,4.312484,11.940244
695,-11.184627,0.000000,4.306182,11.984953
696,-11.234976,0.000000,4.299875,12.029697
697,-11.285313,0.000000,4.293564,12.074477
698,-11.335640,0.000000,4.287249,12.119292
699,-11.385956,0.000000,4.280930,12.164142
700,-11.436261,0.000000,4.274607,12.209027
701,-11.486556,0.000000,4.268280,12.253945
702,-11.536840,0.000000,4.261949,12.298898
703,-11.587115,0.000000,4.255615,12.343884
704,-11.637379,0.000000,4.249276,12.388904
705,-11.687633,0.000000,4.242935,12.433956
706,-11.737878,0.000000,4.236589,12.479041
707,-11.788113,0.000000,4.230240,12.524159
708,-11.838339,0.000000,4.223888,12.569308
709,-11.888555,0.000000,4.217532,12.614489
710,-11.938762,0.000000,4.211174,12.659701
711,-11.988960,0.000000,4.204811,12.704944
712,-12.039149,0.000000,4.198446,12.750218
713,-12.089330,0.000000,4.192078,12.795523
714,-12.139501,0.000000,4.185707,12.840858
715,-12.189664,0.000000,4.179332,12.886222
716,-12.239818,0.000000,4.172955,12.931616
717,-12.289964,0.000000,4.166575,12.977040
718,-12.340102,0.000000,4.160192,13.022492
719,-12.390231,0.000000,4.153806,13.067974
720,-12.440353,0.000000,4.147418,13.113484
721,-12.490466,0.000000,4.141027,13.159022
722,-12.540572,0.000000,4.134634,13.204588
723,-12.590670,0.000000,4.128237,13.250182
724,-12.640760,0.000000,4.121839,13.295803
725,-12.690843,0.000000,4.115438,13.341451
726,-12.740918,0.000000,4.109034,13.387127
727,-12.790986,0.000000,4.102628,13.432829
728,-12.841047,0.000000,4.096220,13.478557
729,-12.891101,0.000000,4.089810,13.524312
730,-12.941147,0.000000,4.083397,13.570093
731,-12.991187,0.000000,4.076982,13.615899
732,-13.041219,0.000000,4.070565,13.661731
733,-13.091245,0.000000,4.064146,13.707588
734,-13.141264,0.000000,4.057724,13.753471
735,-13.191277,0.000000,4.051301,13.799378
736,-13.241283,0.000000,4.044876,13.845310
737,-13.291283,0.000000,4.038448,13.891266
738,-13.341276,0.000000,4.032019,13.937246
739,-13.391263,0.000000,4.025588,13.983250
740,-13.441244,0.000000,4.019155,14.029278
741,-13.491218,0.000000,4.012720,14.075329
742,-13.541187,0.000000,4.006284,14.121404
743,-13.591149,0.000000,3.999845,14.167502
744,-13.641106,0.000000,3.993405,14.213622
745,-13.691057,0.000000,3.986963,14.259766
746,-13.741002,0.000000,3.980520,14.305931
747,-13.790942,0.000000,3.974075,14.352120
748,-13.840875,0.000000,3.967628,14.398330
749,-13.890804,0.000000,3.961179,14.444562
750,-13.940726,0.000000,3.954729,14.490816
751,-13.990644,0.000000,3.948278,14.537091
752,-14.040556,0.000000,3.941825,14.583388
753,-14.090463,0.000000,3.935371,14.629706
754,-14.140364,0.000000,3.928915,14.676044
755,-14.190261,0.000000,3.922457,14.722404
756,-14.240152,0.000000,3.915999,14.768784
757,-14.290039,0.000000,3.909539,14.815185
758,-14.339920,0.000000,3.903077,14.861605
759,-14.389796,0.000000,3.896614,14.908046
760,-14.439668,0.000000,3.890150,14.954507
761,-14.489535,0.000000,3.883685,15.000988
762,-14.539397,0.000000,3.877218,15.047488
763,-14.589255,0.000000,3.870750,15.094007
764,-14.639107,0.000000,3.864281,15.140546
765,-14.688956,0.000000,3.857811,15.187104
766,-14.738800,0.000000,3.851339,15.233681
767,-14.788639,0.000000,3.844866,15.280276
768,-14.838474,0.000000,3.838393,15.326890
769,-14.888304,0.000000,3.831918,15.373523
770,-14.938131,0.000000,3.825442,15.420174
771,-14.987953,0.000000,3.818964,15.466843
772,-15.037771,0.000000,3.812486,15.513530
773,-15.087584,0.000000,3.806007,15.560234
774,-15.137394,0.000000,3.799527,15.606957
775,-15.187200,0.000000,3.793045,15.653697
776,-15.237001,0.000000,3.786563,15.700454
777,-15.286799,0.000000,3.780080,15.747229
778,-15.336593,0.000000,3.773596,15.794021
779,-15.386382,0.000000,3.767110,15.840830
780,-15.436168,0.000000,3.760624,15.887655
781,-15.485951,0.000000,3.754137,15.934498
782,-15.535729,0.000000,3.747649,15.981357
783,-15.585504,0.000000,3.741160,16.028232
784,-15.635275,0.000000,3.734670,16.075124
785,-15.685043,0.000000,3.728180,16.122031
786,-15.734807,0.000000,3.721688,16.168955
787,-15.784567,0.000000,3.715196,16.215895
788,-15.834324,0.000000,3.708703,16.262850
789,-15.884078,0.000000,3.702209,16.309822
790,-15.933828,0.000000,3.695714,16.356808
791,-15.983575,0.000000,3.689219,16.403810
792,-16.033318,0.000000,3.682723,16.450828
793,-16.083058,0.000000,3.676226,16.497860
794,-16.132795,0.000000,3.669728,16.544908
795,-16.182529,0.000000,3.663229,16.591971
796,-16.232259,0.000000,3.656730,16.639048
797,-16.281987,0.000000,3.650230,16.686140
798,-16.331711,0.000000,3.643730,16.733247
799,-16.381432,0.000000,3.637228,16.780368
800,-16.431150,0.000000,3.630726,16.827503
801,-16.480865,0.000000,3.624224,16.874653
802,-16.530577,0.000000,3.617720,16.921817
803,-16.580286,0.000000,3.611216,16.968994
804,-16.629992,0.000000,3.604712,17.016186
805,-16.679696,0.000000,3.598206,17.063392
806,-16.729396,0.000000,3.591701,17.110611
807,-16.779094,0.000000,3.585194,17.157844
808,-16.828788,0.000000,3.578687,17.205090
809,-16.878480,0.000000,3.572180,17.252350
810,-16.928170,0.000000,3.565671,17.299623
811,-16.977856,0.000000,3.559163,17.346909
812,-17.027540,0.000000,3.552653,17.394208
813,-17.077222,0.000000,3.546143,17.441520
814,-17.126900,0.000000,3.539633,17.488845
815,-17.176576,0.000000,3.533122,17.536183
816,-17.226250,0.000000,3.526610,17.583534
817,-17.275921,0.000000,3.520098,17.630897
818,-17.325589,0.000000,3.513586,17.678273
819,-17.375255,0.000000,3.507073,17.725661
820,-17.424919,0.000000,3.500559,17.773061
821,-17.474580,0.000000,3.494045,17.820474
822,-17.524238,0.000000,3.487531,17.867899
823,-17.573895,0.000000,3.481016,17.915336
824,-17.623549,0.000000,3.474500,17.962784
825,-17.673200,0.000000,3.467984,18.010245
826,-17.722850,0.000000,3.461468,18.057717
827,-17.772497,0.000000,3.454951,18.105201
828,-17.822141,0.000000,3.448434,18.152697
829,-17.871784,0.000000,3.441916,18.200204
830,-17.921424,0.000000,3.435398,18.247723
831,-17.971062,0.000000,3.428880,18.295253
832,-18.020698,0.000000,3.422361,18.342794
833,-18.070332,0.000000,3.415841,18.390347
834,-18.119963,0.000000,3.409322,18.437911
835,-18.169593,0.000000,3.402801,18.485485
836,-18.219220,0.000000,3.396281,18.533071
837,-18.268846,0.000000,3.389760,18.580667
838,-18.318469,0.000000,3.383239,18.628275
839,-18.368090,0.000000,3.376717,18.675893
840,-18.417710,0.000000,3.370195,18.723521
841,-18.467327,0.000000,3.363673,18.771160
842,-18.516942,0.000000,3.357150,18.818810
843,-18.566556,0.000000,3.350627,18.866470
844,-18.616167,0.000000,3.344103,18.914140
845,-18.665777,0.000000,3.337579,18.961821
846,-18.715385,0.000000,3.331055,19.009512
847,-18.764990,0.000000,3.324531,19.057213
848,-18.814594,0.000000,3.318006,19.104924
849,-18.864197,0.000000,3.311481,19.152645
850,-18.913797,0.000000,3.304955,19.200376
851,-18.963395,0.000000,3.298430,19.248117
852,-19.012992,0.000000,3.291904,19.295867
853,-19.062587,0.000000,3.285377,19.343628
854,-19.112180,0.000000,3.278851,19.391398
855,-19.161772,0.000000,3.272324,19.439177
856,-19.211362,0.000000,3.265796,19.486966
857,-19.260950,0.000000,3.259269,19.534765
858,-19.310536,0.000000,3.252741,19.582572
859,-19.360121,0.000000,3.246213,19.630389
860,-19.409704,0.000000,3.239684,19.678216
861,-19.459286,0.000000,3.233156,19.726051
862,-19.508866,0.000000,3.226627,19.773896
863,-19.558444,0.000000,3.220098,19.821750
864,-19.608021,0.000000,3.213568,19.869612
865,-19.657596,0.000000,3.207038,19.917484
866,-19.707170,0.000000,3.200508,19.965365
867,-19.756742,0.000000,3.193978,20.013254
868,-19.806312,0.000000,3.187448,20.061152
869,-19.855881,0.000000,3.180917,20.109059
870,-19.905449,0.000000,3.174386,20.156974
871,-19.955015,0.000000,3.167855,20.204898
872,-20.004579,0.000000,3.161324,20.252831
873,-20.054142,0.000000,3.154792,20.300772
874,-20.103704,0.000000,3.148260,20.348721
875,-20.153264,0.000000,3.141728,20.396679
876,-20.202823,0.000000,3.135196,20.444645
877,-20.252381,0.000000,3.128663,20.492620
878,-20.301937,0.000000,3.122130,20.540602
879,-20.351491,0.000000,3.115597,20.588593
880,-20.401045,0.000000,3.109064,20.636592
881,-20.450597,0.000000,3.102531,20.684598
882,-20.500147,0.000000,3.095997,20.732613
883,-20.549697,0.000000,3.089463,20.780636
884,-20.599245,0.000000,3.082930,20.828666
885,-20.648791,0.000000,3.076395,20.876705
886,-20.698337,0.000000,3.069861,20.924751
887,-20.747881,0.000000,3.063326,20.972805
888,-20.797424,0.000000,3.056792,21.020866
889,-20.846965,0.000000,3.050257,21.068935
890,-20.896506,0.000000,3.043722,21.117012
891,-20.946045,0.000000,3.037186,21.165096
892,-20.995583,0.000000,3.030651,21.213188
893,-21.045119,0.000000,3.024115,21.261287
894,-21.094655,0.000000,3.017579,21.309394
895,-21.144189,0.000000,3.011044,21.357507
896,-21.193722,0.000000,3.004507,21.405629
897,-21.243254,0.000000,2.997971,21.453757
898,-21.292785,0.000000,2.991435,21.501892
899,-21.342315,0.000000,2.984898,21.550035
900,-21.391843,0.000000,2.978361,21.598185
901,-21.441371,0.000000,2.971824,21.646342
902,-21.490897,0.000000,2.965287,21.694506
903,-21.540422,0.000000,2.958750,21.742677
904,-21.589946,0.000000,2.952212,21.790854
905,-21.639469,0.000000,2.945675,21.839039
906,-21.688991,0.000000,2.939137,21.887231
907,-21.738512,0.000000,2.932599,21.935429
908,-21.788032,0.000000,2.926061,21.983634
909,-21.837550,0.000000,2.919523,22.031846
910,-21.887068,0.000000,2.912985,22.080064
911,-21.936585,0.000000,2.906447,22.128289
912,-21.986100,0.000000,2.899908,22.176521
913,-22.035615,0.000000,2.893369,22.224759
914,-22.085128,0.000000,2.886830,22.273004
915,-22.134641,0.000000,2.880292,22.321255
916,-22.184153,0.000000,2.873752,22.369512
917,-22.233663,0.000000,2.867213,22.417776
918,-22.283173,0.000000,2.860674,22.466047
919,-22.332682,0.000000,2.854134,22.514323
920,-22.382189,0.000000,2.847595,22.562606
921,-22.431696,0.000000,2.841055,22.610895
922,-22.481202,0.000000,2.834515,22.659191
923,-22.530707,0.000000,2.827975,22.707492
924,-22.580211,0.000000,2.821435,22.755800
925,-22.629714,0.000000,2.814895,22.804113
926,-22.679216,0.000000,2.808355,22.852433
927,-22.728717,0.000000,2.801815,22.900759
928,-22.778218,0.000000,2.795274,22.949091
929,-22.827717,0.000000,2.788734,22.997428
930,-22.877216,0.000000,2.782193,23.045772
931,-22.926714,0.000000,2.775652,23.094121
932,-22.976210,0.000000,2.769111,23.142477
933,-23.025706,0.000000,2.762570,23.190838
934,-23.075202,0.000000,2.756029,23.239204
935,-23.124696,0.000000,2.749488,23.287577
936,-23.174189,0.000000,2.742946,23.335955
937,-23.223682,0.000000,2.736405,23.384339
938,-23.273174,0.000000,2.729863,23.432729
939,-23.322665,0.000000,2.723322,23.481124
940,-23.372155,0.000000,2.716780,23.529525
941,-23.421644,0.000000,2.710238,23.577931
942,-23.471133,0.000000,2.703696,23.626342
943,-23.520621,0.000000,2.697154,23.674760
944,-23.570108,0.000000,2.690612,23.723182
945,-23.619594,0.000000,2.684070,23.771610
946,-23.669080,0.000000,2.677528,23.820044
947,-23.718564,0.000000,2.670986,23.868482
948,-23.768048,0.000000,2.664443,23.916927
949,-23.817531,0.000000,2.657901,23.965376
950,-23.867014,0.000000,2.651358,24.013830
951,-23.916496,0.000000,2.644815,24.062290
952,-23.965977,0.000000,2.638273,24.110755
953,-24.015457,0.000000,2.631730,24.159225
954,-24.064936,0.000000,2.625187,24.207701
955,-24.114415,0.000000,2.618644,24.256181
956,-24.163893,0.000000,2.612101,24.304666
957,-24.213371,0.000000,2.605558,24.353157
958,-24.262847,0.000000,2.599014,24.401652
959,-24.312323,0.000000,2.592471,24.450153
960,-24.361799,0.000000,2.585928,24.498658
961,-24.411273,0.000000,2.579384,24.547169
962,-24.460747,0.000000,2.572841,24.595684
963,-24.510221,0.000000,2.566297,24.644204
964,-24.559693,0.000000,2.559754,24.692729
965,-24.609165,0.000000,2.553210,24.741259
966,-24.658636,0.000000,2.546666,24.789793
967,-24.708107,0.000000,2.540122,24.838333
968,-24.757577,0.000000,2.533578,24.886877
969,-24.807046,0.000000,2.527034,24.935426
970,-24.856515,0.000000,2.520490,24.983979
971,-24.905983,0.000000,2.513946,25.032537
972,-24.955451,0.000000,2.507402,25.081100
973,-25.004917,0.000000,2.500858,25.129667
974,-25.054384,0.000000,2.494313,25.178239
975,-25.103849,0.000000,2.487769,25.226816
976,-25.153314,0.000000,2.481224,25.275397
977,-25.202779,0.000000,2.474680,25.323983
978,-25.252242,0.000000,2.468135,25.372573
979,-25.301706,0.000000,2.461591,25.421167
980,-25.351168,0.000000,2.455046,25.469766
981,-25.400630,0.000000,2.448501,25.518369
982,-25.450092,0.000000,2.441957,25.566977
983,-25.499552,0.000000,2.435412,25.615589
984,-25.549013,0.000000,2.428867,25.664206
985,-25.598472,0.000000,2.422322,25.712826
986,-25.647932,0.000000,2.415777,25.761451
987,-25.697390,0.000000,2.409232,25.810081
988,-25.746848,0.000000,2.402687,25.858714
989,-25.796306,0.000000,2.396142,25.907352
990,-25.845763,0.000000,2.389597,25.955994
991,-25.895219,0.000000,2.383051,26.004640
992,-25.944675,0.000000,2.376506,26.053290
993,-25.994130,0.000000,2.369961,26.101945
994,-26.043585,0.000000,2.363415,26.150603
995,-26.093039,0.000000,2.356870,26.199266
996,-26.142493,0.000000,2.350324,26.247933
997,-26.191946,0.000000,2.343779,26.296603
998,-26.241399,0.000000,2.337233,26.345278
999,-26.290851,0.000000,2.330687,26.393957
1000,-26.340303,0.000000,2.324142,26.442640
1001,-26.389754,0.000000,2.317596,26.491326
1002,-26.439205,0.000000,2.311050,26.540017
1003,-26.488655,0.000000,2.304505,26.588711
1004,-26.538104,0.000000,2.297959,26.637410
1005,-26.587554,0.000000,2.291413,26.686112
1006,-26.637002,0.000000,2.284867,26.734818
1007,-26.686451,0.000000,2.278321,26.783528
1008,-26.735898,0.000000,2.271775,26.832242
1009,-26.785346,0.000000,2.265229,26.880960
1010,-26.834792,0.000000,2.258683,26.929681
1011,-26.884239,0.000000,2.252137,26.978406
1012,-26.933685,0.000000,2.245590,27.027135
1013,-26.983130,0.000000,2.239044,27.075868
1014,-27.032575,0.000000,2.232498,27.124604
1015,-27.082019,0.000000,2.225952,27.173344
1016,-27.131463,0.000000,2.219405,27.222088
1017,-27.180907,0.000000,2.212859,27.270835
1018,-27.230350,0.000000,2.206312,27.319586
1019,-27.279793,0.000000,2.199766,27.368341
1020,-27.329235,0.000000,2.193220,27.417099
1021,-27.378677,0.000000,2.186673,27.465860
1022,-27.428118,0.000000,2.180126,27.514626
1023,-27.477559,0.000000,2.173580,27.563394
1024,-27.527000,0.000000,2.167033,27.612167
1025,-27.576440,0.000000,2.160487,27.660942
1026,-27.625879,0.000000,2.153940,27.709722
1027,-27.675319,0.000000,2.147393,27.758504
1028,-27.724757,0.000000,2.140847,27.807290
1029,-27.774196,0.000000,2.134300,27.856080
1030,-27.823634,0.000000,2.127753,27.904873
1031,-27.873072,0.000000,2.121206,27.953669
1032,-27.922509,0.000000,2.114659,28.002469
1033,-27.971946,0.000000,2.108112,28.051272
1034,-28.021382,0.000000,2.101565,28.100079
1035,-28.070818,0.000000,2.095018,28.148888
1036,-28.120254,0.000000,2.088471,28.197702
1037,-28.169689,0.000000,2.081924,28.246518
1038,-28.219124,0.000000,2.075377,28.295338
1039,-28.268558,0.000000,2.068830,28.344160
1040,-28.317992,0.000000,2.062283,28.392987
1041,-28.367426,0.000000,2.055736,28.441816
1042,-28.416859,0.000000,2.049189,28.490649
1043,-28.466292,0.000000,2.042642,28.539484
1044,-28.515725,0.000000,2.036094,28.588323
1045,-28.565157,0.000000,2.029547,28.637165
1046,-28.614589,0.000000,2.023000,28.686011
1047,-28.664020,0.000000,2.016453,28.734859
1048,-28.713451,0.000000,2.009905,28.783711
1049,-28.762882,0.000000,2.003358,28.832565
1050,-28.812312,0.000000,1.996811,28.881423
1051,-28.861742,0.000000,1.990263,28.930284
1052,-28.911172,0.000000,1.983716,28.979147
1053,-28.960601,0.000000,1.977168,29.028014
1054,-29.010030,0.000000,1.970621,29.076884
1055,-29.059459,0.000000,1.964073,29.125757
1056,-29.108887,0.000000,1.957526,29.174633
1057,-29.158315,0.000000,1.950978,29.223512
1058,-29.207743,0.000000,1.944431,29.272394
1059,-29.257170,0.000000,1.937883,29.321279
1060,-29.306597,0.000000,1.931336,29.370166
1061,-29.356023,0.000000,1.924788,29.419057
1062,-29.405450,0.000000,1.918240,29.467951
1063,-29.454876,0.000000,1.911693,29.516847
1064,-29.504301,0.000000,1.905145,29.565747
1065,-29.553727,0.000000,1.898597,29.614649
1066,-29.603151,0.000000,1.892050,29.663554
1067,-29.652576,0.000000,1.885502,29.712462
1068,-29.702000,0.000000,1.878954,29.761373
1069,-29.751424,0.000000,1.872406,29.810286
1070,-29.800848,0.000000,1.865859,29.859203
1071,-29.850272,0.000000,1.859311,29.908122
1072,-29.899695,0.000000,1.852763,29.957044
1073,-29.949117,0.000000,1.846215,30.005968
1074,-29.998540,0.000000,1.839667,30.054896
1075,-30.047962,0.000000,1.833119,30.103826
1076,-30.097384,0.000000,1.826571,30.152759
1077,-30.146806,0.000000,1.820023,30.201695
1078,-30.196227,0.000000,1.813475,30.250633
1079,-30.245648,0.000000,1.806927,30.299574
1080,-30.295068,0.000000,1.800379,30.348518
1081,-30.344489,0.000000,1.793831,30.397464
1082,-30.393909,0.000000,1.787283,30.446413
1083,-30.443329,0.000000,1.780735,30.495365
1084,-30.492748,0.000000,1.774187,30.544319
1085,-30.542168,0.000000,1.767639,30.593276
1086,-30.591586,0.000000,1.761091,30.642236
1087,-30.641005,0.000000,1.754543,30.691198
1088,-30.690424,0.000000,1.747995,30.740162
1089,-30.739842,0.000000,1.741447,30.789130
1090,-30.789260,0.000000,1.734899,30.838099
1091,-30.838677,0.000000,1.728350,30.887072
1092,-30.888094,0.000000,1.721802,30.936047
1093,-30.937511,0.000000,1.715254,30.985024
1094,-30.986928,0.000000,1.708706,31.034004
1095,-31.036345,0.000000,1.702158,31.082986
1096,-31.085761,0.000000,1.695609,31.131971
1097,-31.135177,0.000000,1.689061,31.180958
1098,-31.184593,0.000000,1.682513,31.229948
1099,-31.234008,0.000000,1.675964,31.278940
1100,-31.283423,0.000000,1.669416,31.327935
1101,-31.332838,0.000000,1.662868,31.376932
1102,-31.382253,0.000000,1.656319,31.425932
1103,-31.431667,0.000000,1.649771,31.474934
1104,-31.481081,0.000000,1.643223,31.523938
1105,-31.530495,0.000000,1.636674,31.572945
1106,-31.579909,0.000000,1.630126,31.621954
1107,-31.629322,0.000000,1.623578,31.670965
1108,-31.678736,0.000000,1.617029,31.719979
1109,-31.728149,0.000000,1.610481,31.768995
1110,-31.777561,0.000000,1.603932,31.818014
1111,-31.826974,0.000000,1.597384,31.867035
1112,-31.876386,0.000000,1.590835,31.916058
1113,-31.925798,0.000000,1.584287,31.965083
1114,-31.975210,0.000000,1.577739,32.014111
1115,-32.024621,0.000000,1.571190,32.063141
1116,-32.074032,0.000000,1.564642,32.112173
1117,-32.123443,0.000000,1.558093,32.161208
1118,-32.172854,0.000000,1.551544,32.210244
1119,-32.222265,0.000000,1.544996,32.259283
1120,-32.271675,0.000000,1.538447,32.308325
1121,-32.321085,0.000000,1.531899,32.357368
1122,-32.370495,0.000000,1.525350,32.406414
1123,-32.419905,0.000000,1.518802,32.455462
1124,-32.469314,0.000000,1.512253,32.504512
1125,-32.518724,0.000000,1.505704,32.553564
1126,-32.568133,0.000000,1.499156,32.602618
1127,-32.617541,0.000000,1.492607,32.651675
1128,-32.666950,0.000000,1.486059,32.700734
1129,-32.716358,0.000000,1.479510,32.749795
1130,-32.765766,0.000000,1.472961,32.798858
1131,-32.815174,0.000000,1.466413,32.847923
1132,-32.864582,0.000000,1.459864,32.896990
1133,-32.913990,0.000000,1.453315,32.946059
1134,-32.963397,0.000000,1.446767,32.995131
1135,-33.012804,0.000000,1.440218,33.044204
1136,-33.062211,0.000000,1.433669,33.093280
1137,-33.111617,0.000000,1.427120,33.142358
1138,-33.161024,0.000000,1.420572,33.191438
1139,-33.210430,0.000000,1.414023,33.240519
1140,-33.259836,0.000000,1.407474,33.289603
1141,-33.309242,0.000000,1.400926,33.338689
1142,-33.358648,0.000000,1.394377,33.387777
1143,-33.408053,0.000000,1.387828,33.436867
1144,-33.457458,0.000000,1.381279,33.485959
1145,-33.506863,0.000000,1.374730,33.535053
1146,-33.556268,0.000000,1.368182,33.584149
1147,-33.605673,0.000000,1.361633,33.633247
1148,-33.655077,0.000000,1.355084,33.682347
1149,-33.704482,0.000000,1.348535,33.731449
1150,-33.753886,0.000000,1.341986,33.780553
1151,-33.803290,0.000000,1.335438,33.829658
1152,-33.852693,0.000000,1.328889,33.878766
1153,-33.902097,0.000000,1.322340,33.927876
1154,-33.951500,0.000000,1.315791,33.976987
1155,-34.000903,0.000000,1.309242,34.026101
1156,-34.050306,0.000000,1.302693,34.075216
1157,-34.099709,0.000000,1.296144,34.124334
1158,-34.149112,0.000000,1.289596,34.173453
1159,-34.198514,0.000000,1.283047,34.222574
1160,-34.247916,0.000000,1.276498,34.271697
1161,-34.297318,0.000000,1.269949,34.320822
1162,-34.346720,0.000000,1.263400,34.369949
1163,-34.396122,0.000000,1.256851,34.419077
1164,-34.445524,0.000000,1.250302,34.468208
1165,-34.494925,0.000000,1.243753,34.517340
1166,-34.544326,0.000000,1.237204,34.566474
1167,-34.593727,0.000000,1.230655,34.615610
1168,-34.643128,0.000000,1.224106,34.664748
1169,-34.692529,0.000000,1.217557,34.713888
1170,-34.741929,0.000000,1.211008,34.763029
1171,-34.791329,0.000000,1.204459,34.812172
1172,-34.840730,0.000000,1.197910,34.861317
1173,-34.890130,0.000000,1.191362,34.910464
1174,-34.939529,0.000000,1.184813,34.959612
1175,-34.988929,0.000000,1.178264,35.008763
1176,-35.038328,0.000000,1.171715,35.057915
1177,-35.087728,0.000000,1.165166,35.107068
1178,-35.137127,0.000000,1.158617,35.156224
1179,-35.186526,0.000000,1.152068,35.205381
1180,-35.235925,0.000000,1.145519,35.254540
1181,-35.285323,0.000000,1.138970,35.303701
1182,-35.334722,0.000000,1.132420,35.352863
1183,-35.384120,0.000000,1.125871,35.402028
1184,-35.433519,0.000000,1.119322,35.451193
1185,-35.482917,0.000000,1.112773,35.500361
1186,-35.532314,0.000000,1.106224,35.549530
1187,-35.581712,0.000000,1.099675,35.598701
1188,-35.631110,0.000000,1.093126,35.647874
1189,-35.680507,0.000000,1.086577,35.697048
1190,-35.729904,0.000000,1.080028,35.746224
1191,-35.779302,0.000000,1.073479,35.795402
1192,-35.828699,0.000000,1.066930,35.844581
1193,-35.878095,0.000000,1.060381,35.893762
1194,-35.927492,0.000000,1.053832,35.942944
1195,-35.976889,0.000000,1.047283,35.992128
1196,-36.026285,0.000000,1.040734,36.041314
1197,-36.075681,0.000000,1.034185,36.090502
1198,-36.125077,0.000000,1.027635,36.139691
1199,-36.174473,0.000000,1.021086,36.188881
1200,-36.223869,0.000000,1.014537,36.238073
1201,-36.273265,0.000000,1.007988,36.287267
1202,-36.322660,0.000000,1.001439,36.336463
1203,-36.372055,0.000000,0.994890,36.385660
1204,-36.421451,0.000000,0.988341,36.434858
1205,-36.470846,0.000000,0.981792,36.484058
1206,-36.520241,0.000000,0.975242,36.533260
1207,-36.569636,0.000000,0.968693,36.582463
1208,-36.619030,0.000000,0.962144,36.631668
1209,-36.668425,0.000000,0.955595,36.680874
1210,-36.717819,0.000000,0.949046,36.730082
1211,-36.767213,0.000000,0.942497,36.779291
1212,-36.816608,0.000000,0.935948,36.828502
1213,-36.866001,0.000000,0.929398,36.877715
1214,-36.915395,0.000000,0.922849,36.926929
1215,-36.964789,0.000000,0.916300,36.976144
1216,-37.014183,0.000000,0.909751,37.025361
1217,-37.063576,0.000000,0.903202,37.074580
1218,-37.112969,0.000000,0.896653,37.123799
1219,-37.162363,0.000000,0.890103,37.173021
1220,-37.211756,0.000000,0.883554,37.222244
1221,-37.261149,0.000000,0.877005,37.271468
1222,-37.310541,0.000000,0.870456,37.320694
1223,-37.359934,0.000000,0.863907,37.369921
1224,-37.409327,0.000000,0.857358,37.419150
1225,-37.458719,0.000000,0.850808,37.468380
1226,-37.508111,0.000000,0.844259,37.517612
1227,-37.557504,0.000000,0.837710,37.566845
1228,-37.606896,0.000000,0.831161,37.616079
1229,-37.656287,0.000000,0.824612,37.665315
1230,-37.705679,0.000000,0.818062,37.714553
1231,-37.755071,0.000000,0.811513,37.763791
1232,-37.804463,0.000000,0.804964,37.813032
1233,-37.853854,0.000000,0.798415,37.862273
1234,-37.903245,0.000000,0.791865,37.911516
1235,-37.952636,0.000000,0.785316,37.960760
1236,-38.002028,0.000000,0.778767,38.010006
1237,-38.051419,0.000000,0.772218,38.059253
1238,-38.100809,0.000000,0.765669,38.108502
1239,-38.150200,0.000000,0.759119,38.157752
1240,-38.199591,0.000000,0.752570,38.207003
1241,-38.248981,0.000000,0.746021,38.256256
1242,-38.298372,0.000000,0.739472,38.305510
1243,-38.347762,0.000000,0.732922,38.354765
1244,-38.397152,0.000000,0.726373,38.404022
1245,-38.446542,0.000000,0.719824,38.453280
1246,-38.495932,0.000000,0.713275,38.502539
1247,-38.545322,0.000000,0.706725,38.551800
1248,-38.594711,0.000000,0.700176,38.601062
1249,-38.644101,0.000000,0.693627,38.650325
1250,-38.693490,0.000000,0.687078,38.699590
1251,-38.742880,0.000000,0.680528,38.748856
1252,-38.792269,0.000000,0.673979,38.798123
1253,-38.841658,0.000000,0.667430,38.847392
1254,-38.891047,0.000000,0.660881,38.896662
1255,-38.940436,0.000000,0.654331,38.945933
1256,-38.989825,0.000000,0.647782,38.995206
1257,-39.039214,0.000000,0.641233,39.044480
1258,-39.088602,0.000000,0.634684,39.093755
1259,-39.137991,0.000000,0.628134,39.143031
1260,-39.187379,0.000000,0.621585,39.192309
1261,-39.236767,0.000000,0.615036,39.241587
1262,-39.286156,0.000000,0.608486,39.290868
1263,-39.335544,0.000000,0.601937,39.340149
1264,-39.384932,0.000000,0.595388,39.389432
1265,-39.434320,0.000000,0.588839,39.438716
1266,-39.483707,0.000000,0.582289,39.488001
1267,-39.533095,0.000000,0.575740,39.537287
1268,-39.582483,0.000000,0.569191,39.586575
1269,-39.631870,0.000000,0.562642,39.635864
1270,-39.681257,0.000000,0.556092,39.685154
1271,-39.730645,0.000000,0.549543,39.734445
1272,-39.780032,0.000000,0.542994,39.783738
1273,-39.829419,0.000000,0.536444,39.833031
1274,-39.878806,0.000000,0.529895,39.882326
1275,-39.928193,0.000000,0.523346,39.931622
1276,-39.977579,0.000000,0.516796,39.980920
1277,-40.026966,0.000000,0.510247,40.030218
1278,-40.076353,0.000000,0.503698,40.079518
1279,-40.125739,0.000000,0.497149,40.128819
1280,-40.175126,0.000000,0.490599,40.178121
1281,-40.224512,0.000000,0.484050,40.227424
1282,-40.273898,0.000000,0.477501,40.276729
1283,-40.323284,0.000000,0.470951,40.326034
1284,-40.372670,0.000000,0.464402,40.375341
1285,-40.422056,0.000000,0.457853,40.424649
1286,-40.471442,0.000000,0.451303,40.473958
1287,-40.520828,0.000000,0.444754,40.523268
1288,-40.570213,0.000000,0.438205,40.572580
1289,-40.619599,0.000000,0.431656,40.621892
1290,-40.668984,0.000000,0.425106,40.671206
1291,-40.718370,0.000000,0.418557,40.720521
1292,-40.767755,0.000000,0.412008,40.769837
1293,-40.817140,0.000000,0.405458,40.819154
1294,-40.866525,0.000000,0.398909,40.868472
1295,-40.915910,0.000000,0.392360,40.917791
1296,-40.965295,0.000000,0.385810,40.967112
1297,-41.014680,0.000000,0.379261,41.016434
1298,-41.064065,0.000000,0.372712,41.065756
1299,-41.113449,0.000000,0.366162,41.115080
1300,-41.162834,0.000000,0.359613,41.164405
1301,-41.212218,0.000000,0.353064,41.213731
1302,-41.261603,0.000000,0.346514,41.263058
1303,-41.310987,0.000000,0.339965,41.312386
1304,-41.360371,0.000000,0.333416,41.361715
1305,-41.409756,0.000000,0.326866,41.411046
1306,-41.459140,0.000000,0.320317,41.460377
1307,-41.508524,0.000000,0.313768,41.509710
1308,-41.557908,0.000000,0.307218,41.559043
1309,-41.607291,0.000000,0.300669,41.608378
1310,-41.656675,0.000000,0.294120,41.657713
1311,-41.706059,0.000000,0.287571,41.707050
1312,-41.755442,0.000000,0.281021,41.756388
1313,-41.804826,0.000000,0.274472,41.805727
1314,-41.854209,0.000000,0.267923,41.855067
1315,-41.903592,0.000000,0.261373,41.904408
1316,-41.952976,0.000000,0.254824,41.953750
1317,-42.002359,0.000000,0.248275,42.003093
1318,-42.051742,0.000000,0.241725,42.052437
1319,-42.101125,0.000000,0.235176,42.101782
1320,-42.150508,0.000000,0.228627,42.151128
1321,-42.199891,0.000000,0.222077,42.200475
1322,-42.249273,0.000000,0.215528,42.249823
1323,-42.298656,0.000000,0.208979,42.299172
1324,-42.348039,0.000000,0.202429,42.348523
1325,-42.397421,0.000000,0.195880,42.397874
1326,-42.446804,0.000000,0.189331,42.447226
1327,-42.496186,0.000000,0.182781,42.496579
1328,-42.545568,0.000000,0.176232,42.545933
1329,-42.594951,0.000000,0.169683,42.595289
1330,-42.644333,0.000000,0.163133,42.644645
1331,-42.693715,0.000000,0.156584,42.694002
1332,-42.743097,0.000000,0.150035,42.743360
1333,-42.792479,0.000000,0.143485,42.792719
1334,-42.841861,0.000000,0.136936,42.842080
1335,-42.891242,0.000000,0.130387,42.891441
1336,-42.940624,0.000000,0.123837,42.940803
1337,-42.990006,0.000000,0.117288,42.990166
1338,-43.039387,0.000000,0.110739,43.039530
1339,-43.088769,0.000000,0.104189,43.088895
1340,-43.138150,0.000000,0.097640,43.138261
1341,-43.187532,0.000000,0.091091,43.187628
1342,-43.236913,0.000000,0.084541,43.236996
1343,-43.286294,0.000000,0.077992,43.286364
1344,-43.335675,0.000000,0.071442,43.335734
1345,-43.385056,0.000000,0.064893,43.385105
1346,-43.434437,0.000000,0.058344,43.434477
1347,-43.483818,0.000000,0.051794,43.483849
1348,-43.533199,0.000000,0.045245,43.533223
1349,-43.582580,0.000000,0.038696,43.582597
1350,-43.631961,0.000000,0.032146,43.631972
1351,-43.681341,0.000000,0.025597,43.681349
1352,-43.730722,0.000000,0.019048,43.730726
1353,-43.780102,0.000000,0.012498,43.780104
1354,-43.829483,0.000000,0.005949,43.829483
1355,-43.878863,0.000000,-0.000600,43.878863
1356,-43.928244,0.000000,-0.007150,43.928244
1357,-43.977624,0.000000,-0.013699,43.977626
1358,-44.027004,0.000000,-0.020248,44.027009
1359,-44.076384,0.000000,-0.026798,44.076392
1360,-44.125764,0.000000,-0.033347,44.125777
1361,-44.175144,0.000000,-0.039896,44.175162
1362,-44.224524,0.000000,-0.046446,44.224548
1363,-44.273904,0.000000,-0.052995,44.273936
1364,-44.323284,0.000000,-0.059544,44.323324
1365,-44.372663,0.000000,-0.066094,44.372713
1366,-44.422043,0.000000,-0.072643,44.422102
1367,-44.471423,0.000000,-0.079192,44.471493
1368,-44.520802,0.000000,-0.085742,44.520885
1369,-44.570182,0.000000,-0.092291,44.570277
1370,-44.619561,0.000000,-0.098840,44.619671
1371,-44.668940,0.000000,-0.105390,44.669065
1372,-44.718320,0.000000,-0.111939,44.718460
1373,-44.767699,0.000000,-0.118488,44.767856
1374,-44.817078,0.000000,-0.125038,44.817252
1375,-44.866457,0.000000,-0.131587,44.866650
1376,-44.915836,0.000000,-0.138136,44.916049
1377,-44.965215,0.000000,-0.144686,44.965448
1378,-45.014594,0.000000,-0.151235,45.014848
1379,-45.063973,0.000000,-0.157784,45.064249
1380,-45.113352,0.000000,-0.164334,45.113651
1381,-45.162730,0.000000,-0.170883,45.163054
1382,-45.212109,0.000000,-0.177432,45.212457
1383,-45.261488,0.000000,-0.183982,45.261862
1384,-45.310866,0.000000,-0.190531,45.311267
1385,-45.360245,0.000000,-0.197080,45.360673
1386,-45.409623,0.000000,-0.203630,45.410080
1387,-45.459002,0.000000,-0.210179,45.459488
1388,-45.508380,0.000000,-0.216728,45.508896
1389,-45.557758,0.000000,-0.223278,45.558305
1390,-45.607136,0.000000,-0.229827,45.607716
1391,-45.656515,0.000000,-0.236376,45.657126
1392,-45.705893,0.000000,-0.242926,45.706538
1393,-45.755271,0.000000,-0.249475,45.755951
1394,-45.804649,0.000000,-0.256024,45.805364
1395,-45.854027,0.000000,-0.262574,45.854778
1396,-45.903405,0.000000,-0.269123,45.904193
1397,-45.952782,0.000000,-0.275672,45.953609
1398,-46.002160,0.000000,-0.282222,46.003026
1399,-46.051538,0.000000,-0.288771,46.052443
1400,-46.100915,0.000000,-0.295320,46.101861
1401,-46.150293,0.000000,-0.301870,46.151280
1402,-46.199671,0.000000,-0.308419,46.200700
1403,-46.249048,0.000000,-0.314968,46.250121
1404,-46.298425,0.000000,-0.321518,46.299542
1405,-46.347803,0.000000,-0.328067,46.348964
1406,-46.397180,0.000000,-0.334616,46.398387
1407,-46.446557,0.000000,-0.341166,46.447810
1408,-46.495935,0.000000,-0.347715,46.497235
1409,-46.545312,0.000000,-0.354264,46.546660
1410,-46.594689,0.000000,-0.360814,46.596086
1411,-46.644066,0.000000,-0.367363,46.645513
1412,-46.693443,0.000000,-0.373912,46.694940
1413,-46.742820,0.000000,-0.380462,46.744368
1414,-46.792197,0.000000,-0.387011,46.793797
1415,-46.841574,0.000000,-0.393560,46.843227
1416,-46.890951,0.000000,-0.400110,46.892658
1417,-46.940327,0.000000,-0.406659,46.942089
1418,-46.989704,0.000000,-0.413208,46.991521
1419,-47.039081,0.000000,-0.419758,47.040953
1420,-47.088457,0.000000,-0.426307,47.090387
1421,-47.137834,0.000000,-0.432856,47.139821
1422,-47.187210,0.000000,-0.439405,47.189256
1423,-47.236587,0.000000,-0.445955,47.238692
1424,-47.285963,0.000000,-0.452504,47.288128
1425,-47.335339,0.000000,-0.459053,47.337565
1426,-47.384716,0.000000,-0.465603,47.387003
1427,-47.434092,0.000000,-0.472152,47.436442
1428,-47.483468,0.000000,-0.478701,47.485881
1429,-47.532844,0.000000,-0.485251,47.535321
1430,-47.582220,0.000000,-0.491800,47.584762
1431,-47.631596,0.000000,-0.498349,47.634203
1432,-47.680972,0.000000,-0.504899,47.683646
1433,-47.730348,0.000000,-0.511448,47.733089
1434,-47.779724,0.000000,-0.517997,47.782532
1435,-47.829100,0.000000,-0.524547,47.831976
1436,-47.878476,0.000000,-0.531096,47.881422
1437,-47.927852,0.000000,-0.537645,47.930867
1438,-47.977227,0.000000,-0.544195,47.980314
1439,-48.026603,0.000000,-0.550744,48.029761
1440,-48.075979,0.000000,-0.557293,48.079209
1441,-48.125354,0.000000,-0.563842,48.128657
1442,-48.174730,0.000000,-0.570392,48.178107
1443,-48.224105,0.000000,-0.576941,48.227556
1444,-48.273481,0.000000,-0.583490,48.277007
1445,-48.322856,0.000000,-0.590040,48.326458
1446,-48.372232,0.000000,-0.596589,48.375910
1447,-48.421607,0.000000,-0.603138,48.425363
1448,-48.470982,0.000000,-0.609688,48.474816
1449,-48.520357,0.000000,-0.616237,48.524270
1450,-48.569733,0.000000,-0.622786,48.573725
1451,-48.619108,0.000000,-0.629336,48.623181
1452,-48.668483,0.000000,-0.635885,48.672637
1453,-48.717858,0.000000,-0.642434,48.722093
1454,-48.767233,0.000000,-0.648983,48.771551
1455,-48.816608,0.000000,-0.655533,48.821009
1456,-48.865983,0.000000,-0.662082,48.870468
1457,-48.915357,0.000000,-0.668631,48.919927
1458,-48.964732,0.000000,-0.675181,48.969387
1459,-49.014107,0.000000,-0.681730,49.018848
1460,-49.063482,0.000000,-0.688279,49.068309
1461,-49.112857,0.000000,-0.694829,49.117771
1462,-49.162231,0.000000,-0.701378,49.167234
1463,-49.211606,0.000000,-0.707927,49.216697
1464,-49.260980,0.000000,-0.714476,49.266161
1465,-49.310355,0.000000,-0.721026,49.315626
1466,-49.359729,0.000000,-0.727575,49.365091
1467,-49.409104,0.000000,-0.734124,49.414557
1468,-49.458478,0.000000,-0.740674,49.464024
1469,-49.507853,0.000000,-0.747223,49.513491
1470,-49.557227,0.000000,-0.753772,49.562959
1471,-49.606601,0.000000,-0.760322,49.612428
1472,-49.655975,0.000000,-0.766871,49.661897
1473,-49.705350,0.000000,-0.773420,49.711366
1474,-49.754724,0.000000,-0.779969,49.760837
1475,-49.804098,0.000000,-0.786519,49.810308
1476,-49.853472,0.000000,-0.793068,49.859780
1477,-49.902846,0.000000,-0.799617,49.909252
1478,-49.952220,0.000000,-0.806167,49.958725
1479,-50.001594,0.000000,-0.812716,50.008198
